<?xml version = "1.0" encoding = "utf-8" ?>
<!--
    Italian translation for Notepad++ 7.5.1
    Last modified Sat, Sep 27th, 2017 by Luca Leonardi.
    Please e-mail errors, suggestions etc. to ices_eyes(at)users.sourceforge.net.
    For updates, see https://github.com/notepad-plus-plus/notepad-plus-plus/tree/master/PowerEditor/installer/nativeLang
-->
<NotepadPlus>
    <Native-Langue name = "Italiano" filename = "italian.xml" version="7.4.2">
        <Menu>
            <Main>
                <!-- Main Menu Entries -->
                <Entries>
                    <Item menuId = "file" name = "&amp;File" />
                    <Item menuId = "edit" name = "&amp;Modifica" />
                    <Item menuId = "search" name = "&amp;Cerca" />
                    <Item menuId = "view" name = "&amp;Visualizza" />
                    <Item menuId = "encoding" name = "Fo&amp;rmato" />
                    <Item menuId = "language" name = "&amp;Linguaggio" />
                    <Item menuId = "settings" name = "C&amp;onfigurazione" />
                    <Item menuId = "tools" name = "&amp;Strumenti" />
                    <Item menuId = "macro" name = "Macro" />
                    <Item menuId = "run" name = "Esegui" />
                    <Item idName = "Plugins" name = "Plugin" />
                    <Item idName = "Window" name = "Fin&amp;estra" />
                </Entries>
                <!-- Sub Menu Entries -->
                <SubEntries>
                    <Item subMenuId = "file-openFolder" name = "Apri cartella file" />
                    <Item subMenuId = "file-recentFiles" name = "File recenti" />
                    <Item subMenuId = "file-closeMore" name = "Chiudi di più" />
                    <Item subMenuId = "edit-copyToClipboard" name = "Copia negli appunti" />
                    <Item subMenuId = "edit-indent" name = "Indenta" />
                    <Item subMenuId = "edit-convertCaseTo" name = "Converti caratteri" />
                    <Item subMenuId = "edit-lineOperations" name = "Operazioni sulle linee" />
                    <Item subMenuId = "edit-comment" name = "Commenta/Decommenta" />
                    <Item subMenuId = "edit-autoCompletion" name = "Auto-completamento" />
                    <Item subMenuId = "edit-eolConversion" name = "Converti carattere di fine linea" />
                    <Item subMenuId = "edit-blankOperations" name = "Operazioni sugli spazi" />
                    <Item subMenuId = "edit-pasteSpecial" name = "Incolla speciale" />
                    <Item subMenuId = "edit-onSelection" name = "Testo selezionato" />
                    <Item subMenuId = "search-markAll" name = "Marca tutti" />
                    <Item subMenuId = "search-unmarkAll" name = "Rimuovi marcatura" />
                    <Item subMenuId = "search-jumpUp" name = "Salta su" />
                    <Item subMenuId = "search-jumpDown" name = "Salta giù" />
                    <Item subMenuId = "search-bookmark" name = "Segnalibri" />
                    <Item subMenuId = "view-showSymbol" name = "Simboli" />
                    <Item subMenuId = "view-zoom" name = "Zoom" />
                    <Item subMenuId = "view-moveCloneDocument" name = "Sposta/Clona documento corrente" />
                    <Item subMenuId = "view-tab" name = "Schede" />
                    <Item subMenuId = "view-collapseLevel" name = "Collassa livello" />
                    <Item subMenuId = "view-uncollapseLevel" name = "Non collassare livello" />
                    <Item subMenuId = "view-project" name = "Progetti" />
                    <Item subMenuId = "encoding-characterSets" name = "Set di caratteri" />
                    <Item subMenuId = "encoding-arabic" name = "Arabo" />
                    <Item subMenuId = "encoding-baltic" name = "Baltico" />
                    <Item subMenuId = "encoding-celtic" name = "Celtico" />
                    <Item subMenuId = "encoding-cyrillic" name = "Cirillico" />
                    <Item subMenuId = "encoding-centralEuropean" name = "Europa Centrale" />
                    <Item subMenuId = "encoding-chinese" name = "Cinese" />
                    <Item subMenuId = "encoding-easternEuropean" name = "Europa orientale" />
                    <Item subMenuId = "encoding-greek" name = "Greco" />
                    <Item subMenuId = "encoding-hebrew" name = "Ebraico" />
                    <Item subMenuId = "encoding-japanese" name = "Giapponese" />
                    <Item subMenuId = "encoding-korean" name = "Coreano" />
                    <Item subMenuId = "encoding-northEuropean" name = "Europa del nord" />
                    <Item subMenuId = "encoding-thai" name = "Tailandese" />
                    <Item subMenuId = "encoding-turkish" name = "Turco" />
                    <Item subMenuId = "encoding-westernEuropean" name = "Europa Occidentale" />
                    <Item subMenuId = "encoding-vietnamese" name = "Vietnamita" />
                    <Item subMenuId = "settings-import" name = "Importa" />
                    <Item subMenuId = "tools-md5" name = "MD5" />
                </SubEntries>
                <!-- all menu item -->
                <Commands>
                    <Item id = "41001" name = "&amp;Nuovo" />
                    <Item id = "41002" name = "&amp;Apri..." />
                    <Item id = "41003" name = "Chiudi" />
                    <Item id = "41004" name = "C&amp;hiudi tutti" />
                    <Item id = "41005" name = "Chiudi tutti tranne il documento corrente" />
                    <Item id = "41006" name = "&amp;Salva" />
                    <Item id = "41007" name = "Salva t&amp;utto" />
                    <Item id = "41008" name = "S&amp;alva come..." />
                    <Item id = "41009" name = "Chiudi le schede a sinistra della corrente" />
                    <Item id = "41010" name = "Stampa..." />
                    <Item id = "1001"  name = "Stampa subito!" />
                    <Item id = "41011" name = "&amp;Esci" />
                    <Item id = "41012" name = "Apri sessione..." />
                    <Item id = "41013" name = "Salva sessione..." />
                    <Item id = "41014" name = "Ricarica dal disco" />
                    <Item id = "41015" name = "Salva una copia come..." />
                    <Item id = "41016" name = "Elimina dal disco" />
                    <Item id = "41017" name = "Rinomina..." />
                    <Item id = "41018" name = "Chiudi le schede a destra della corrente" />
                    <Item id = "41019" name = "Esplora risorse" />
                    <Item id = "41020" name = "Prompt dei comandi" />
                    <Item id = "41021" name = "Ripristina i file recenti" />
                    <Item id = "41022" name = "Apri cartella come workspace" />
                    <Item id = "41023" name = "Apri con il visualizzatore predefinito" />

                    <Item id = "42001" name = "Tag&amp;lia" />
                    <Item id = "42002" name = "&amp;Copia" />
                    <Item id = "42003" name = "Ann&amp;ulla" />
                    <Item id = "42004" name = "&amp;Ripristina" />
                    <Item id = "42005" name = "&amp;Incolla" />
                    <Item id = "42006" name = "&amp;Elimina" />
                    <Item id = "42007" name = "Seleziona t&amp;utto" />
                    <Item id = "42008" name = "Inserisci tabulazione (indent)" />
                    <Item id = "42009" name = "Rimuovi tabulazione (outdent)" />
                    <Item id = "42010" name = "Duplica la riga corrente" />
                    <Item id = "42012" name = "Dividi righe" />
                    <Item id = "42013" name = "Unisci righe" />
                    <Item id = "42014" name = "Sposta in su la riga corrente" />
                    <Item id = "42015" name = "Sposta in giù la riga corrente" />
                    <Item id = "42016" name = "TUTTO MAIUSCOLE" />
                    <Item id = "42017" name = "tutto minuscole" />
                    <Item id = "42018" name = "&amp;Inizia registrazione" />
                    <Item id = "42019" name = "&amp;Ferma registrazione" />
                    <Item id = "42020" name = "Inizio/Fine selezione" />
                    <Item id = "42021" name = "&amp;Esegui la macro" />
                    <Item id = "42022" name = "Commenta / Decommenta singola riga" />
                    <Item id = "42023" name = "Commenta blocco" />
                    <Item id = "42024" name = "Elimina spazi a fine riga" />
                    <Item id = "42025" name = "Salva la macro registrata" />
                    <Item id = "42026" name = "Direzione del testo RTL" />
                    <Item id = "42027" name = "Direzione del testo LTR" />
                    <Item id = "42028" name = "File in sola lettura" />
                    <Item id = "42029" name = "Percorso file corrente" />
                    <Item id = "42030" name = "Nome file corrente" />
                    <Item id = "42031" name = "Cartella corrente" />
                    <Item id = "42032" name = "Esegui una macro più volte..." />
                    <Item id = "42033" name = "Pulisci il flag di sola lettura" />
                    <Item id = "42034" name = "Editor a colonne..." />
                    <Item id = "42035" name = "Commenta singola riga" />
                    <Item id = "42036" name = "Decommenta singola riga" />
                    <Item id = "42037" name = "Modalità colonna..." />
                    <Item id = "42038" name = "Incolla contenuto HTML" />
                    <Item id = "42039" name = "Incolla contenuto RTF" />
                    <Item id = "42040" name = "Apri tutti i file recenti" />
                    <Item id = "42041" name = "Pulisci lista file recenti" />
                    <Item id = "42042" name = "Elimina spazi iniziali" />
                    <Item id = "42043" name = "Elimina spazi iniziali e finali" />
                    <Item id = "42044" name = "Converti EOL in Spazio" />
                    <Item id = "42045" name = "Rimuovi spazi e EOL non necessari" />
                    <Item id = "42046" name = "Converti TAB in spazi" />
                    <Item id = "42047" name = "Decommenta blocco" />
                    <Item id = "42048" name = "Copia contenuto binario" />
                    <Item id = "42049" name = "Taglia contenuto binario" />
                    <Item id = "42050" name = "Incolla contenuto binario" />
                    <Item id = "42051" name = "Pannello caratteri" />
                    <Item id = "42052" name = "Storia appunti" />
                    <Item id = "42053" name = "Converti spazi in tabulazioni (a inizio riga)" />
                    <Item id = "42054" name = "Converti spazi in tabulazioni (ovunque)" />
                    <Item id = "42055" name = "Rimuovi righe vuote" />
                    <Item id = "42056" name = "Rimuovi righe vuote (contenenti caratteri vuoti)" />
                    <Item id = "42057" name = "Inserisci riga vuota sopra all&apos;attuale" />
                    <Item id = "42058" name = "Inserisci riga vuota sotto all&apos;attuale" />
                    <Item id = "42059" name = "Ordina righe in modo crescente" />
                    <Item id = "42060" name = "Ordina righe in modo decrescente" />
                    <Item id = "42061" name = "Ordina righe come interi in modo crescente" />
                    <Item id = "42062" name = "Ordina righe come interi in modo decrescente" />
                    <Item id = "42063" name = "Ordina righe come valori decimali (virgola) in modo crescente" />
                    <Item id = "42064" name = "Ordina righe come valori decimali (virgola) in modo decrescente" />
                    <Item id = "42065" name = "Ordina righe come valori decimali (punto) in modo crescente" />
                    <Item id = "42066" name = "Ordina righe come valori decimali (punto) in modo decrescente" />
					
                    <Item id = "42067" name = "Iniziali Maiuscole" />
                    <Item id = "42068" name = "Iniziali Maiuscole (intelligente)" />
                    <Item id = "42069" name = "Frasi maiuscole" />
                    <Item id = "42070" name = "Frasi maiuscole (intelligente)" />
                    <Item id = "42071" name = "iNVERTI mAIUSCOLE/mINUSCOLE" />
                    <Item id = "42072" name = "mAiusCole/miNUScLE casUaLi" />
                    <Item id = "42073" name = "Apri come file" />
                    <Item id = "42074" name = "Apri cartella in Esplora Risorse" />
                    <Item id = "42075" name = "Cerca in Internet" />
                    <Item id = "42076" name = "Modifica motore di ricerca..." />

                    <Item id = "43001" name = "&amp;Trova..." />
                    <Item id = "43002" name = "Trova &amp;successivo" />
                    <Item id = "43003" name = "Sostitu&amp;isci..." />
                    <Item id = "43004" name = "Vai alla riga..." />
                    <Item id = "43005" name = "Segnalibro" />
                    <Item id = "43006" name = "Segnalibro seguente" />
                    <Item id = "43007" name = "Segnalibro precedente" />
                    <Item id = "43008" name = "Elimina tutti i segnalibri" />
                    <Item id = "43009" name = "Vai alla parentesi corrispondente" />
                    <Item id = "43010" name = "Trova precedente" />
                    <Item id = "43011" name = "Ricerca incrementale" />
                    <Item id = "43013" name = "Trova nei file..." />
                    <Item id = "43014" name = "Trova (volatile) successivo" />
                    <Item id = "43015" name = "Trova (volatile) precedente" />
                    <Item id = "43018" name = "Taglia righe con segnalibri" />
                    <Item id = "43019" name = "Copia righe con segnalibri" />
                    <Item id = "43020" name = "Incolla (sostituisci) righe con segnalibri " />
                    <Item id = "43021" name = "Elimina righe con segnalibro" />
                    <Item id = "43022" name = "Usa 1º stile" />
                    <Item id = "43024" name = "Usa 2º stile" />
                    <Item id = "43026" name = "Usa 3º stile" />
                    <Item id = "43028" name = "Usa 4º stile" />
                    <Item id = "43030" name = "Usa 5º stile" />
                    <Item id = "43023" name = "Cancella 1º stile" />
                    <Item id = "43025" name = "Cancella 2º stile" />
                    <Item id = "43027" name = "Cancella 3º stile" />
                    <Item id = "43029" name = "Cancella 4º stile" />
                    <Item id = "43031" name = "Cancella 5º stile" />
                    <Item id = "43032" name = "Cancella tutti gli stili" />
                    <Item id = "43033" name = "1º stile" />
                    <Item id = "43034" name = "2º stile" />
                    <Item id = "43035" name = "3º stile" />
                    <Item id = "43036" name = "4º stile" />
                    <Item id = "43037" name = "5º stile" />
                    <Item id = "43038" name = "Trova stile" />
                    <Item id = "43039" name = "1º stile" />
                    <Item id = "43040" name = "2º stile" />
                    <Item id = "43041" name = "3º stile" />
                    <Item id = "43042" name = "4º stile" />
                    <Item id = "43043" name = "5º stile" />
                    <Item id = "43044" name = "Trova stile" />
                    <Item id = "43045" name = "Finestra risultati di ricerca" />
                    <Item id = "43046" name = "Risultato di ricerca successivo" />
                    <Item id = "43047" name = "Risultato di ricerca precedente" />
                    <Item id = "43048" name = "Seleziona e trova successivo" />
                    <Item id = "43049" name = "Seleziona e trova precedente" />
                    <Item id = "43050" name = "Inverti segnalibri" />
                    <Item id = "43051" name = "Elimina righe senza segnalibro" />
                    <Item id = "43052" name = "Cerca caratteri..." />
                    <Item id = "43053" name = "Seleziona tutto tra le parentesi corrispondenti" />
                    <Item id = "43054" name = "Evidenzia..." />

                    <Item id = "44009" name = "Modalità Post-it" />
                    <Item id = "44010" name = "Comprimi tutte le strutture" />
                    <Item id = "44011" name = "Finestra impostazioni personalizzate..." />
                    <Item id = "44012" name = "Nascondi margine numeri di riga" />
                    <Item id = "44013" name = "Nascondi margine segnalibri" />
                    <Item id = "44014" name = "Nascondi margine cartella" />
                    <Item id = "44019" name = "Mostra tutti i caratteri" />
                    <Item id = "44020" name = "Mostra guide di indentazione" />
                    <Item id = "44022" name = "Attiva a capo automatico" />
                    <Item id = "44023" name = "&amp;Ingrandisci testo" />
                    <Item id = "44024" name = "&amp;Riduci testo" />
                    <Item id = "44025" name = "Mostra spazi bianchi e tabulazioni" />
                    <Item id = "44026" name = "Mostra carattere di fine riga" />
                    <Item id = "44029" name = "Espandi tutti i livelli" />
                    <Item id = "44030" name = "Contrai al livello corrente" />
                    <Item id = "44031" name = "Espandi il livello corrente" />
                    <Item id = "44032" name = "Visualizzazione a tutto schermo" />
                    <Item id = "44033" name = "Ripristina lo zoom predefinito" />
                    <Item id = "44034" name = "Sempre in primo piano" />
                    <Item id = "44035" name = "Sincronizza scorrimento verticale" />
                    <Item id = "44036" name = "Sincronizza scorrimento orizzontale" />
                    <Item id = "44041" name = "Mostra simbolo di a capo automatico" />
                    <Item id = "44042" name = "Nascondi righe" />
                    <Item id = "44049" name = "Informazioni file..." />
                    <Item id = "44072" name = "Attiva altra vista" />
                    <Item id = "44080" name = "Mappa documento" />
                    <Item id = "44081" name = "Pannello 1" />
                    <Item id = "44082" name = "Pannello 2" />
                    <Item id = "44083" name = "Pannello 3" />
                    <Item id = "44084" name = "Lista funzioni" />
                    <Item id = "44085" name = "Cartella come workspace" />
                    <Item id = "44086" name = "Prima scheda" />
                    <Item id = "44087" name = "Seconda scheda" />
                    <Item id = "44088" name = "Terza scheda" />
                    <Item id = "44089" name = "Quarta scheda" />
                    <Item id = "44090" name = "Quinta scheda" />
                    <Item id = "44091" name = "Sesta scheda" />
                    <Item id = "44092" name = "Settima scheda" />
                    <Item id = "44093" name = "Ottava scheda" />
                    <Item id = "44094" name = "Nona scheda" />
                    <Item id = "44095" name = "Scheda successiva" />
                    <Item id = "44096" name = "Scheda precedente" />
                    <Item id = "44097" name = "Monitora (tail -f)" />
                    <Item id = "44098" name = "Sposta scheda avanti" />
                    <Item id = "44099" name = "Sposta scheda indietro" />

                    <Item id = "45001" name = "Formato Windows" />
                    <Item id = "45002" name = "Formato UNIX" />
                    <Item id = "45003" name = "Formato MAC" />
                    <Item id = "45004" name = "Codifica in ANSI" />
                    <Item id = "45005" name = "Codifica in UTF-8" />
                    <Item id = "45006" name = "Codifica in UCS-2 Big Endian" />
                    <Item id = "45007" name = "Codifica in UCS-2 Little Endian" />
                    <Item id = "45008" name = "Codifica in UTF-8 (senza BOM)" />
                    <Item id = "45009" name = "Converti in ANSI" />
                    <Item id = "45010" name = "Converti in UTF-8 senza BOM" />
                    <Item id = "45011" name = "Converti in UTF-8" />
                    <Item id = "45012" name = "Converti in UCS-2 Big Endian" />
                    <Item id = "45013" name = "Converti in UCS-2 Little Endian" />
                    <Item id = "45060" name = "Big5 (tradizionale)" />
                    <Item id = "45061" name = "GB2312 (semplificato)" />
                    <Item id = "45054" name = "OEM 861: Islandese" />
                    <Item id = "45057" name = "OEM 865: Noedico" />
                    <Item id = "45053" name = "OEM 860: Portoghese" />
                    <Item id = "45056" name = "OEM 863: Francese" />

                    <Item id = "10001" name = "Sposta nell&apos;altra vista" />
                    <Item id = "10002" name = "Copia nell&apos;altra vista" />
                    <Item id = "10003" name = "Sposta in una nuova finestra" />
                    <Item id = "10004" name = "Copia in una nuova finestra" />

                    <Item id = "46001" name = "Configura gli stili..." />
                    <Item id = "46015" name = "Stile MS-DOS" />
                    <Item id = "46016" name = "Testo normale" />
                    <Item id = "46017" name = "File di risorse" />
                    <Item id = "46019" name = "File MS INI" />
                    <Item id = "46033" name = "Assembly" />
                    <Item id = "46180" name = "Definito dall&apos;utente" />
                    <Item id = "46250" name = "Definisci il tuo linguaggio..." />

                    <Item id = "47000" name = "Informazioni su..." />
                    <Item id = "47001" name = "Sito web Notepad++" />
                    <Item id = "47002" name = "Progetto Notepad++" />
                    <Item id = "47003" name = "Documentazione online" />
                    <Item id = "47004" name = "Community Notepad++ (Forum)" />
                    <Item id = "47005" name = "Ottieni altri plugin" />
                    <Item id = "47006" name = "Aggiorna Notepad++" />
                    <Item id = "47008" name = "Guida..." />
                    <Item id = "47009" name = "Imposta proxy aggiornamento..." />
                    <Item id = "47010" name = "Argomenti riga di comando..." />
                    <Item id = "47011" name = "Supporto Live" />
                    <Item id = "47012" name = "Informazioni di debug..." />

                    <Item id = "48005" name = "Importa plugin..." />
                    <Item id = "48006" name = "Importa tema..." />
                    <Item id = "48009" name = "Tasti di scelta rapida..." />
                    <Item id = "48011" name = "Preferenze..." />
                    <Item id = "48016" name = "Modifica scorciatoie/Elimina macro..." />
                    <Item id = "48017" name = "Modifica scorciatoie/Elimina comando..." />
                    <Item id = "48018" name = "Modifica menu contestuale..." />
                    
                    <Item id = "48501" name = "Genera..." />
                    <Item id = "48502" name = "Genera da file..." />
                    <Item id = "48503" name = "Genera negli appunti" />

                    <Item id = "49000" name = "E&amp;segui..." />

                    <Item id = "50000" name = "Completa funzione" />
                    <Item id = "50001" name = "Completa parola" />
                    <Item id = "50002" name = "Parametri funzione" />
                    <Item id = "50006" name = "Completa percorso" />
                </Commands>
            </Main>
            <Splitter />
            <TabBar>
                <Item CMID = "0" name = "Chiudi" />
                <Item CMID = "1" name = "Chiudi tutte tranne questa" />
                <Item CMID = "2" name = "Salva" />
                <Item CMID = "3" name = "Salva come..." />
                <Item CMID = "4" name = "Stampa" />
                <Item CMID = "5" name = "Sposta nell&apos;altra vista" />
                <Item CMID = "6" name = "Copia nell&apos;altra vista" />
                <Item CMID = "7" name = "Copia percorso file" />
                <Item CMID = "8" name = "Copia nome file" />
                <Item CMID = "9" name = "Copia percorso cartella" />
                <Item CMID = "10" name = "Rinomina file" />
                <Item CMID = "11" name = "Elimina file" />
                <Item CMID = "12" name = "Sola lettura" />
                <Item CMID = "13" name = "Reimposta flag sola lettura" />
                <Item CMID = "14" name = "Sposta in una nuova finestra" />
                <Item CMID = "15" name = "Copia in una nuova finestra" />
                <Item CMID = "16" name = "Ricarica" />
                <Item CMID = "17" name = "Chiudi tutte a sinistra" />
                <Item CMID = "18" name = "Chiudi tutte a destra" />
                <Item CMID = "19" name = "Apri cartella file in Esplora risorse" />
                <Item CMID = "20" name = "Apri prompt dei comandi in cartella file" />
                <Item CMID = "21" name = "Apri con il visualizzatore predefinito" />
            </TabBar>
        </Menu>
        <Dialog>
            <Find title = "" titleFind = "Trova" titleReplace = "Sostituisci" titleFindInFiles = "Cerca nei file" titleMark = "Evidenzia">>
                <Item id = "1" name = "Successivo" />
                <Item id = "2" name = "Chiudi" />
                <Item id = "1603" name = "Solo &amp;parole intere" />
                <Item id = "1604" name = "Distingui tra ma&amp;iuscole e minuscole" />
                <Item id = "1605" name = "Espressione regolare" />
                <Item id = "1606" name = "Torna su se raggiunta la fine" />
                <Item id = "1608" name = "&amp;Sostituisci" />
                <Item id = "1609" name = "Sostituisci &amp;tutti" />
                <Item id = "1611" name = "S&amp;ostituisci con: " />
                <Item id = "1612" name = "&amp;Su" />
                <Item id = "1613" name = "G&amp;iù" />
                <Item id = "1614" name = "Conta occorrenze" />
                <Item id = "1615" name = "Trova tutti" />
                <Item id = "1616" name = "Imposta segnalibro sulla riga" />
                <Item id = "1618" name = "Pulisci per ogni ricerca" />
                <Item id = "1620" name = "Trova:" />
                <Item id = "1621" name = "Direzione" />
                <Item id = "1624" name = "Tipo ricerca" />
                <Item id = "1625" name = "Normale" />
                <Item id = "1626" name = "Estesa (\n, \r, \t, \0, \x...)" />
                <Item id = "1632" name = "Nella selezione" />
                <Item id = "1633" name = "Pulisci" />
                <Item id = "1635" name = "Sostituisci tutto nei documenti aperti" />
                <Item id = "1636" name = "Cerca in tutti i documenti aperti" />
                <Item id = "1640" name = "Alterna finestra" />
                <Item id = "1641" name = "Trova tutto nel documento corrente" />
                <Item id = "1654" name = "Filtri:" />
                <Item id = "1655" name = "Cartella:" />
                <Item id = "1656" name = "Trova tutti" />
                <Item id = "1658" name = "Nelle sottocartelle" />
                <Item id = "1659" name = "Nelle cartelle nascoste" />
                <Item id = "1660" name = "&amp;Sostituisci nei file" />
                <Item id = "1661" name = "Segui documento corrente" />
                <Item id = "1686" name = "T&amp;rasparenza" />
                <Item id = "1687" name = "Se perde il focus" />
                <Item id = "1688" name = "Sempre" />
                <Item id = "1703" name = "&amp;. significa &apos;a capo&apos;" />
                <Item id = "1721" name = "Precedente" />
                <Item id = "1722" name = "Direzione inversa" />
            </Find>
            <FindCharsInRange title = "Cerca caratteri...">
                <Item id = "2910" name = "Cerca" />
                <Item id = "2" name = "Chiudi" />
                <Item id = "2901" name = "Caratteri non ASCII (128-255)" />
                <Item id = "2902" name = "Caratteri ASCII (0 - 127)" />
                <Item id = "2903" name = "Intervallo:" />
                <Item id = "2906" name = "Su" />
                <Item id = "2907" name = "Giù" />
                <Item id = "2908" name = "Direzione" />
                <Item id = "2909" name = "Torna su se raggiunta la fine" />
            </FindCharsInRange>
            <GoToLine title = "Vai alla riga #">
                <Item id = "1" name = "&amp;Vai !" />
                <Item id = "2" name = "Annulla" />
                <Item id = "2004" name = "Sei alla riga:" />
                <Item id = "2005" name = "Vai alla riga:" />
                <Item id = "2006" name = "Ultima riga disponibile:" />
                <Item id = "2007" name = "Riga" />
                <Item id = "2008" name = "Offset" />
            </GoToLine>
            <Run title = "Esegui...">
                <Item id = "1903" name = "Programma da eseguire" />
                <Item id = "1" name = "Esegui!" />
                <Item id = "2" name = "Annulla" />
                <Item id = "1904" name = "Salva..." />
            </Run>
            <MD5FromFilesDlg title = "Genera MD5 di file">
                <Item id = "1922" name = "Scegli i file di cui generare MD5..." />
                <Item id = "1924" name = "Copia negli appunti" />
                <Item id = "2" name = "Chiudi" />
            </MD5FromFilesDlg>
            <MD5FromTextDlg title = "Genera MD5">
                <Item id = "1932" name = "Considera ogni riga come una stringa separata" />
                <Item id = "1934" name = "Copia negli appunti" />
                <Item id = "2" name = "Chiudi" />
            </MD5FromTextDlg>
            <StyleConfig title = "Configuratore di stili">
                <Item id = "2" name = "Annulla" />
                <Item id = "2301" name = "Salva &amp;&amp; Chiudi" />
                <Item id = "2303" name = "Trasparenza" />
                <Item id = "2306" name = "Seleziona tema: " />
                <SubDialog>
                    <Item id = "2204" name = "Grassetto" />
                    <Item id = "2205" name = "Corsivo" />
                    <Item id = "2206" name = "Primo piano: " />
                    <Item id = "2207" name = "Sfondo: " />
                    <Item id = "2208" name = "Tipo: " />
                    <Item id = "2209" name = "Dimensione: " />
                    <Item id = "2211" name = "Stile:" />
                    <Item id = "2212" name = "Colore" />
                    <Item id = "2213" name = "Carattere" />
                    <Item id = "2214" name = "Est. predefinite:" />
                    <Item id = "2216" name = "Estensioni utente:" />
                    <Item id = "2218" name = "Sottolineato" />
                    <Item id = "2219" name = "Parole chiave predefinite" />
                    <Item id = "2221" name = "Parole chiave definite dall&apos;utente" />
                    <Item id = "2225" name = "Linguaggio: " />
                    <Item id = "2226" name = "Abilita colore globale in primo piano" />
                    <Item id = "2227" name = "Abilita colore globale per lo sfondo" />
                    <Item id = "2228" name = "Abilita stile globale del carattere" />
                    <Item id = "2229" name = "Abilita dimensione globale" />
                    <Item id = "2230" name = "Abilita stile globale per il grassetto" />
                    <Item id = "2231" name = "Abilita stile globale per il corsivo" />
                    <Item id = "2232" name = "Abilita stile globale per il sottolineato" />
                </SubDialog>
            </StyleConfig>
            <UserDefine title = "Linguaggio definito dall&apos;utente">
                <Item id = "20001" name = "Ancora" />
                <Item id = "20002" name = "Rinomina" />
                <Item id = "20003" name = "Crea nuovo..." />
                <Item id = "20004" name = "Rimuovi" />
                <Item id = "20005" name = "Salva come..." />
                <Item id = "20007" name = "Linguaggio personalizzato: " />
                <Item id = "20009" name = "Estensione:" />
                <Item id = "20011" name = "Trasparenza" />
                <Item id = "20012" name = "Ignora Maius./minus." />
                <Item id = "20015" name = "Importa..." />
                <Item id = "20016" name = "Esporta..." />
                <Folder title = "Cartelle &amp;&amp; Predefiniti">
                    <Item id = "21101" name = "Impostazioni stile predefinito" />
                    <Item id = "21102" name = "Stile" />
                    <Item id = "21104" name = "Sito temporaneo documentazione:" />
                    <Item id = "21105" name = "Documentazione:" />
                    <Item id = "21106" name = "Delimita compatto (racchiudi righe vuote)" />
                    <Item id = "21220" name = "Delimitatori nel codice 1° stile:" />
                    <Item id = "21224" name = "Apri:" />
                    <Item id = "21225" name = "Centro:" />
                    <Item id = "21226" name = "Chiudi:" />
                    <Item id = "21227" name = "Stile" />
                    <Item id = "21320" name = "Delimitatori nel codice 2° stile (con separatori):" />
                    <Item id = "21324" name = "Apri:" />
                    <Item id = "21325" name = "Centro:" />
                    <Item id = "21326" name = "Chiudi:" />
                    <Item id = "21327" name = "Stile" />
                    <Item id = "21420" name = "Delimitatori per i commenti:" />
                    <Item id = "21424" name = "Apri:" />
                    <Item id = "21425" name = "Centro:" />
                    <Item id = "21426" name = "Chiudi:" />
                    <Item id = "21427" name = "Stile" />
                </Folder>
                <Keywords title = "Lista Parole Chiave">
                    <Item id = "22101" name = "1º gruppo" />
                    <Item id = "22201" name = "2º gruppo" />
                    <Item id = "22301" name = "3º gruppo" />
                    <Item id = "22401" name = "4º gruppo" />
                    <Item id = "22451" name = "5º gruppo" />
                    <Item id = "22501" name = "6º gruppo" />
                    <Item id = "22551" name = "7º gruppo" />
                    <Item id = "22601" name = "5º gruppo" />
                    <Item id = "22121" name = "Modalità prefisso" />
                    <Item id = "22122" name = "Stile" />
                    <Item id = "22221" name = "Modalità prefisso" />
                    <Item id = "22222" name = "Stile" />
                    <Item id = "22321" name = "Modalità prefisso" />
                    <Item id = "22322" name = "Stile" />
                    <Item id = "22421" name = "Modalità prefisso" />
                    <Item id = "22422" name = "Stile" />
                    <Item id = "22471" name = "Modalità prefisso" />
                    <Item id = "22472" name = "Stile" />
                    <Item id = "22521" name = "Modalità prefisso" />
                    <Item id = "22522" name = "Stile" />
                    <Item id = "22571" name = "Modalità prefisso" />
                    <Item id = "22572" name = "Stile" />
                    <Item id = "22621" name = "Modalità prefisso" />
                    <Item id = "22622" name = "Stile" />
                </Keywords>
                <Comment title = "Commenti &amp;&amp; Numeri">
                    <Item id = "23001" name = "Permetti delimitazione dei commenti" />
                    <Item id = "23003" name = "Posizione commenti in linea" />
                    <Item id = "23004" name = "Permetti ovunque" />
                    <Item id = "23005" name = "Forza ad inizio riga" />
                    <Item id = "23006" name = "Permetti spazi all&apos;inizio" />
                    <Item id = "23101" name = "Stile commenti" />
                    <Item id = "23122" name = "Apertura" />
                    <Item id = "23123" name = "Chiusura" />
                    <Item id = "23124" name = "Stile" />
                    <Item id = "23201" name = "Stile numeri" />
                    <Item id = "23220" name = "Stile" />
                    <Item id = "23230" name = "Prefisso 1:" />
                    <Item id = "23232" name = "Prefisso 2:" />
                    <Item id = "23234" name = "Extra 1:" />
                    <Item id = "23236" name = "Extra 2:" />
                    <Item id = "23238" name = "Suffisso 1:" />
                    <Item id = "23240" name = "Suffisso 2:" />
                    <Item id = "23242" name = "Intervallo:" />
                    <Item id = "23244" name = "Separatore decimale" />
                    <Item id = "23245" name = "Punto" />
                    <Item id = "23246" name = "Virgola" />
                    <Item id = "23247" name = "Entrambi" />
                    <Item id = "23301" name = "Stile commenti su riga singola" />
                    <Item id = "23323" name = "Apertura" />
                    <Item id = "23324" name = "Carattere di continuazione" />
                    <Item id = "23325" name = "Chiusura" />
                    <Item id = "23326" name = "Stile" />
                </Comment>
                <Operator title = "Operatori">
                    <Item id = "24101" name = "Stile operatori" />
                    <Item id = "24113" name = "Stile" />
                    <Item id = "24116" name = "Operatori 1" />
                    <Item id = "24117" name = "Operatori 2 (separatori necessari)" />
                    <Item id = "24201" name = "Delimitatore 1° stile" />
                    <Item id = "24220" name = "Apertura:" />
                    <Item id = "24221" name = "Escape:" />
                    <Item id = "24222" name = "Chiusura:" />
                    <Item id = "24223" name = "Stile" />
                    <Item id = "24301" name = "Delimitatore 2° stile" />
                    <Item id = "24320" name = "Apertura:" />
                    <Item id = "24321" name = "Escape:" />
                    <Item id = "24322" name = "Chiusura:" />
                    <Item id = "24323" name = "Stile" />
                    <Item id = "24401" name = "Delimitatore 3° stile" />
                    <Item id = "24420" name = "Apertura:" />
                    <Item id = "24421" name = "Escape:" />
                    <Item id = "24422" name = "Chiusura:" />
                    <Item id = "24423" name = "Stile" />
                    <Item id = "24451" name = "Delimitatore 4° stile" />
                    <Item id = "24470" name = "Apertura:" />
                    <Item id = "24471" name = "Escape:" />
                    <Item id = "24472" name = "Chiusura:" />
                    <Item id = "24473" name = "Stile" />
                    <Item id = "24501" name = "Delimitatore 5° stile" />
                    <Item id = "24520" name = "Apertura:" />
                    <Item id = "24521" name = "Escape:" />
                    <Item id = "24522" name = "Chiusura:" />
                    <Item id = "24523" name = "Stile" />
                    <Item id = "24551" name = "Delimitatore 6° stile" />
                    <Item id = "24570" name = "Apertura:" />
                    <Item id = "24571" name = "Escape:" />
                    <Item id = "24572" name = "Chiusura:" />
                    <Item id = "24573" name = "Stile" />
                    <Item id = "24601" name = "Delimitatore 7° stile" />
                    <Item id = "24620" name = "Apertura:" />
                    <Item id = "24621" name = "Escape:" />
                    <Item id = "24622" name = "Chiusura:" />
                    <Item id = "24623" name = "Stile" />
                    <Item id = "24651" name = "Delimitatore 8° stile" />
                    <Item id = "24670" name = "Apertura:" />
                    <Item id = "24671" name = "Escape:" />
                    <Item id = "24672" name = "Chiusura:" />
                    <Item id = "24673" name = "Stile" />
                </Operator>
                <StylerDialog title = "Configuratore di stili">
                    <Item id = "1" name = "OK" />
                    <Item id = "2" name = "Annulla" />
                    <Item id = "25001" name = "Grassetto" />
                    <Item id = "25002" name = "Corsivo" />
                    <Item id = "25003" name = "Sottolineato" />
                    <Item id = "25006" name = "Colore primo piano:" />
                    <Item id = "25007" name = "Colore sfondo:" />
                    <Item id = "25008" name = "Delimitatore 1" />
                    <Item id = "25009" name = "Delimitatore 2" />
                    <Item id = "25010" name = "Delimitatore 3" />
                    <Item id = "25011" name = "Delimitatore 4" />
                    <Item id = "25012" name = "Delimitatore 5" />
                    <Item id = "25013" name = "Delimitatore 6" />
                    <Item id = "25014" name = "Delimitatore 7" />
                    <Item id = "25015" name = "Delimitatore 8" />
                    <Item id = "25016" name = "Commento" />
                    <Item id = "25017" name = "Linea di commento" />
                    <Item id = "25018" name = "Parola chiave 1" />
                    <Item id = "25019" name = "Parola chiave 2" />
                    <Item id = "25020" name = "Parola chiave 3" />
                    <Item id = "25021" name = "Parola chiave 4" />
                    <Item id = "25022" name = "Parola chiave 5" />
                    <Item id = "25023" name = "Parola chiave 6" />
                    <Item id = "25024" name = "Parola chiave 7" />
                    <Item id = "25025" name = "Parola chiave 8" />
                    <Item id = "25026" name = "Operatore 1" />
                    <Item id = "25027" name = "Operatore 2" />
                    <Item id = "25028" name = "Numeri" />
                    <Item id = "25029" name = "Annidamento:" />
                    <Item id = "25030" name = "Opzioni carattere:" />
                    <Item id = "25031" name = "Nome:" />
                    <Item id = "25032" name = "Dimensione:" />
                </StylerDialog>
                <CreateNewLanguage title = "Crea Nuovo Linguaggio...">
                    <Item id = "1" name = "OK" />
                    <Item id = "2" name = "Annulla" />
                    <Item id = "26001" name = "Nome:" />
                </CreateNewLanguage>
            </UserDefine>
            <Preference title = "Preferenze">
                <Item id = "6001" name = "Chiudi" />
                <Global title = "Generale">
                    <Item id = "6123" name = "Lingua" />

                    <Item id = "6101" name = "Barra Degli Strumenti" />
                    <Item id = "6102" name = "Nascondi" />
                    <Item id = "6103" name = "Icone piccole" />
                    <Item id = "6104" name = "Icone grandi" />
                    <Item id = "6105" name = "Icone standard" />

                    <Item id = "6125" name = "Documenti Aperti" />
                    <Item id = "6126" name = "Visualizza" />
                    <Item id = "6127" name = "Disabilita colonna estensioni" />

                    <Item id = "6106" name = "Barra Delle Schede" />
                    <Item id = "6118" name = "Nascondi" />
                    <Item id = "6119" name = "Utilizza più righe" />
                    <Item id = "6120" name = "Verticale" />
                    <Item id = "6107" name = "Barra delle schede compatta" />
                    <Item id = "6108" name = "Blocca schede (no trascinamento)" />
                    <Item id = "6109" name = "Oscura schede inattive" />
                    <Item id = "6110" name = "Evidenzia scheda attiva con una barra" />
                    <Item id = "6112" name = "Pulsante di chiusura su ogni scheda" />
                    <Item id = "6113" name = "Doppio click chiude una scheda" />

                    <Item id = "6121" name = "Esci alla chiusura dell'ultima scheda" />

                    <Item id = "6122" name = "Nascondi (Alt o F10 per mostrare)" />
                    <Item id = "6111" name = "Attiva barra di stato" />
                </Global>
                <Scintillas title = "Visualizzazione">
                    <Item id = "6216" name = "Cursore" />
                    <Item id = "6217" name = "Larghezza:" />
                    <Item id = "6219" name = "Velocità:" />
                    <Item id = "6221" name = "V" />
                    <Item id = "6222" name = "L" />

                    <Item id = "6224" name = "Selezione Multipla" />
                    <Item id = "6225" name = "Abilita (Ctrl+click/selezione)" />

                    <Item id = "6201" name = "Stile Raggruppamenti" />
                    <Item id = "6202" name = "Semplice" />
                    <Item id = "6203" name = "Freccia" />
                    <Item id = "6204" name = "Cerchio" />
                    <Item id = "6205" name = "Quadrato" />
                    <Item id = "6226" name = "Nessuno" />

                    <Item id = "6211" name = "Limite Di Colonna" />
                    <Item id = "6208" name = "Visualizza il limite di colonna" />
                    <Item id = "6212" name = "Modalità &apos;linea&apos;" />
                    <Item id = "6213" name = "Modalità &apos;sfondo&apos;" />
                    <Item id = "6209" name = "Numero di colonna: " />

                    <Item id = "6227" name = "A Capo Automatico" />
                    <Item id = "6228" name = "Predefinito" />
                    <Item id = "6229" name = "Allineato" />
                    <Item id = "6230" name = "Indentato" />

                    <Item id = "6231" name = "Spessore Bordo Editor" />

                    <Item id = "6206" name = "Visualizza i numeri di riga" />
                    <Item id = "6207" name = "Visualizza i segnalibri" />
                    <Item id = "6214" name = "Evidenzia la riga corrente" />
                    <Item id = "6215" name = "Abilita antialising caratteri" />
                    <Item id = "6234" name = "Disabilita scrolling avanzato&#xA;(in caso di problemi con touchpad)" />
                    <Item id = "6235" name = "Nessun bordo" />
					<Item id = "6236" name = "Abilita scorrimento oltre l&apos;ultima riga" />
                </Scintillas>
                <NewDoc title = "Nuovo documento">
                    <Item id = "6401" name = "Formato" />
                    <Item id = "6402" name = "Windows" />
                    <Item id = "6403" name = "Unix" />
                    <Item id = "6404" name = "Mac" />
                    <Item id = "6405" name = "Codifica" />
                    <Item id = "6406" name = "ANSI" />
                    <Item id = "6407" name = "UTF-8" />
                    <Item id = "6408" name = "UTF-8 con BOM" />
                    <Item id = "6409" name = "UCS-2 Big Endian con BOM" />
                    <Item id = "6410" name = "UCS-2 Little Endian con BOM" />
                    <Item id = "6411" name = "Linguaggio predefinito:" />
                    <Item id = "6419" name = "Nuovo Documento" />
                    <Item id = "6420" name = "Applica all&apos;apertura di file ANSI" />
                </NewDoc>
                <DefaultDir title = "Cartella predefinita">
                    <Item id = "6413" name = "Cartella Predefinita (Apri/Salva)" />
                    <Item id = "6414" name = "Secondo il documento corrente" />
                    <Item id = "6415" name = "Ricorda l&apos;ultima cartella utilizzata" />
                    <Item id = "6430" name = "Non selezionare estensione predefinita nella finestra di salvataggio" />
                    <Item id = "6431" name = "Apri tutti i file della cartella invece di avviare Cartella come Workspace al trascinamento" />
                </DefaultDir>
                <RecentFilesHistory title = "File recenti">
                    <Item id = "6304" name = "Lista Documenti Recenti" />
                    <Item id = "6305" name = "Non controllare all&apos;avvio" />
                    <Item id = "6306" name = "Massimo numero di voci:" />
                    <Item id = "6424" name = "In un sottomenù" />
                    <Item id = "6425" name = "Solo nome file" />
                    <Item id = "6426" name = "Intero percorso" />
                    <Item id = "6427" name = "Personalizza lunghezza massima:" />
                    <Item id = "6429" name = "Visualizza" />
                </RecentFilesHistory>
                <FileAssoc title = "Associazione file">
                    <Item id = "4009" name = "Estensioni supportate:" />
                    <Item id = "4010" name = "Estensioni registrate:" />
                </FileAssoc>
                <Language title = "Linguaggi">
                    <Item id = "6505" name = "Linguaggi disponibili" />
                    <Item id = "6506" name = "Linguaggi disabilitati" />
                    <Item id = "6507" name = "Utilizza menu compatto" />
                    <Item id = "6508" name = "Menu Linguaggio" />
                    <Item id = "6510" name = "Usa predefinito" />
                    <Item id = "6301" name = "Impostazioni Tabulazioni" />
                    <Item id = "6302" name = "Sostituisci con spazi" />
                    <Item id = "6303" name = "Dimensione tabulazione:" />
                </Language>
                <Highlighting title="Evidenziazione">
                    <Item id = "6333" name = "Evidenziazione Intelligente" />
                    <Item id = "6326" name = "Abilita" />
                    <Item id = "6332" name = "L&apos;evidenziazione è case-sensitive" />
					<Item id = "6338" name = "Identifica solo parole intere" />
					<Item id = "6339" name = "Utilizza impostazioni finestra di ricerca" />
                    <Item id = "6340" name = "Evidenzia anche nell'altra vista" />
                    <Item id = "6329" name = "Evidenzia Tag Corrispondenti" />
                    <Item id = "6327" name = "Abilita" />
                    <Item id = "6328" name = "Evidenzia attributi" />
                    <Item id = "6330" name = "Evidenzia zone php/asp/commenti" />
                </Highlighting>
                <Print title = "Stampa">
                    <Item id = "6601" name = "Numeri di riga" />
                    <Item id = "6602" name = "Opzioni Colore" />
                    <Item id = "6603" name = "WYSIWYG" />
                    <Item id = "6604" name = "Inverti" />
                    <Item id = "6605" name = "Bianco e nero" />
                    <Item id = "6606" name = "Non stampare i colori di sfondo" />
                    <Item id = "6607" name = "Impostazione Dei Margini (unità: mm)" />
                    <Item id = "6612" name = "Sinistro" />
                    <Item id = "6613" name = "Superiore" />
                    <Item id = "6614" name = "Destro" />
                    <Item id = "6615" name = "Inferiore" />
                    <Item id = "6706" name = "Grassetto" />
                    <Item id = "6707" name = "Corsivo" />
                    <Item id = "6708" name = "Intestazione" />
                    <Item id = "6709" name = "Sezione di sinistra" />
                    <Item id = "6710" name = "Sezione centrale" />
                    <Item id = "6711" name = "Sezione di destra" />
                    <Item id = "6717" name = "Grassetto" />
                    <Item id = "6718" name = "Corsivo" />
                    <Item id = "6719" name = "Piè di pagina" />
                    <Item id = "6720" name = "Sezione di sinistra" />
                    <Item id = "6721" name = "Sezione centrale" />
                    <Item id = "6722" name = "Sezione di destra" />
                    <Item id = "6723" name = "Aggiungi" />
                    <Item id = "6725" name = "Variabile:" />
                    <Item id = "6727" name = "Seleziona parte" />
                    <Item id = "6728" name = "Intestazione E Piè Di Pagina" />
                </Print>
                <Backup title = "Backup">
                    <Item id = "6817" name = "Snapshot Sessione e Backup Periodico" />
                    <Item id = "6309" name = "Ricorda sessione corrente al prossimo avvio" />
                    <Item id = "6818" name = "Abilita snapshot di sessione e backup periodici" />
                    <Item id = "6819" name = "Backup ogni" />
                    <Item id = "6821" name = "secondi" />
                    <Item id = "6822" name = "Cartella backup:" />

                    <Item id = "6801" name = "Backup" />
                    <Item id = "6803" name = "Cartella:" />
                    <Item id = "6804" name = "Cartella di backup personalizzata:" />
                    <Item id = "6315" name = "Nessuno" />
                    <Item id = "6316" name = "Backup semplice" />
                    <Item id = "6317" name = "Backup dettagliato" />
                </Backup>
                <AutoCompletion title = "Auto-completamento">
                    <Item id = "6807" name = "Auto-Completamento" />
                    <Item id = "6808" name = "Attiva l&apos;auto-completamento su ogni input" />
                    <Item id = "6809" name = "Completamento funzione" />
                    <Item id = "6810" name = "Completamento parola" />
                    <Item id = "6811" name = "Dal" />
                    <Item id = "6813" name = "º carattere" />
                    <Item id = "6814" name = "Valori validi: 1 - 9" />
                    <Item id = "6815" name = "Suggerisci parametri funzioni durante l&apos;immissione" />
                    <Item id = "6816" name = "Completamento funzioni e parole" />
                    <Item id = "6824" name = "Ignora numeri" />
                    <Item id = "6851" name = "Auto-Inserimento" />
                    <Item id = "6857" name = "tag chiusura html/xml" />
                    <Item id = "6858" name = "Apri" />
                    <Item id = "6859" name = "Chiudi" />
                    <Item id = "6860" name = "Coppia 1:" />
                    <Item id = "6863" name = "Coppia 2:" />
                    <Item id = "6866" name = "Coppia 3:" />
                </AutoCompletion>
                <MultiInstance title = "Istanze multiple">
                    <Item id = "6151" name = "Impostazioni Istanze Multiple" />
                    <Item id = "6152" name = "Apri sessioni in nuova istanza di Notepad++" />
                    <Item id = "6153" name = "Sempre in modalità istanza multipla" />
                    <Item id = "6154" name = "Predefinito (instanza unica)" />
                    <Item id = "6155" name = "* La modifica di questa impostazione richiede il riavvio di Notepad++" />
                </MultiInstance>
                <Delimiter title = "Delimitatori">
                    <Item id = "6251" name = "Impostazioni Selezione Delimitatori (Ctrl + doppio clic)" />
                    <Item id = "6252" name = "Apri" />
                    <Item id = "6255" name = "Chiudi" />
                    <Item id = "6256" name = "Permetti su più linee" />
                    <Item id = "6161" name = "Lista caratteri delimitatori di parola" />
                    <Item id = "6162" name = "Utilizza i delimitatori di parola standard" />
                    <Item id = "6163" name = "Aggiungi i tuoi caratteri delimitatori di parola (non selezionarlo se non sai cosa stai facendo)" />
                    <Item id = "6257" name = "bla bla bla bla bla bla" />
                    <Item id = "6258" name = "bla bla bla bla bla bla bla bla bla bla bla bla" />
                </Delimiter>
                <Cloud title = "Cloud">
                    <Item id = "6262" name = "Impostazioni Sul Cloud" />
                    <Item id = "6263" name = "Nessun servizio cloud" />
                    <!--Item id = "6264" name = "Dropbox" />
                    <Item id = "6265" name = "OneDrive" />
                    <Item id = "6266" name = "Google Drive" />
                    <Item id = "6261" name = "Riavvia Notepad++ per applicare le modifiche." />-->
                    <Item id = "6267" name = "Imposta qui il percorso della tua cartella cloud:" />
                </Cloud>
                <SearchEngine title = "Motore di ricerca" >
                    <Item id = "6271" name = "Motore Di Ricerca (per il commando 'Cerca in Internet')" />
                    <Item id = "6272" name = "DuckDuckGo" />
                    <Item id = "6273" name = "Google" />
                    <Item id = "6274" name = "Bing" />
                    <Item id = "6275" name = "Yahoo!" />
                    <Item id = "6276" name = "Imposta un motore di ricerca personalizzato:" />
                    <!-- Don’t change anything after Example: -->
                    <Item id = "6278" name="Esempio: https://www.google.com/search?q=$(CURRENT_WORD)" />
                </SearchEngine>
                <MISC title = "Varie">
                    <Item id = "6324" name = "Cambia Documento (Ctrl+TAB)" />
                    <Item id = "6114" name = "Abilita" />
                    <Item id = "6117" name = "Precedenza ai file più recenti" />

                    <Item id = "6344" name = "Anteprima documenti" />
                    <Item id = "6345" name = "Anteprima sulle schede" />
                    <Item id = "6346" name = "Anteprima sulla mappa documento" />
                    
                    <Item id = "6318" name = "Link Cliccabili" />
                    <Item id = "6319" name = "Abilita" />
                    <Item id = "6320" name = "Non sottolineare" />

                    <Item id = "6312" name = "Rilevamento Stato File" />
                    <Item id = "6307" name = "Abilita" />
                    <Item id = "6313" name = "Aggiorna senza notifica" />
                    <Item id = "6325" name = "Vai all&apos;ultima riga dopo l&apos;aggiornamento" />

                    <Item id = "6334" name = "Rileva automaticamente codifica caratteri" />
                    <Item id = "6115" name = "Indentazione automatica" />
                    <Item id = "6308" name = "Minimizza nell&apos;area di notifica" />
                    <Item id = "6331" name = "Mostra solo nome file nella barra del titolo" />
                    <Item id = "6335" name = "Backslash è il carattere di escape in SQL" />

                    <Item id = "6322" name = "Est. file di sessione:" />
                    <Item id = "6337" name = "Est. file workspace:" />

                    <Item id = "6323" name = "Aggiorna automaticamente Notepad++" />
                </MISC>
            </Preference>
            <MultiMacro title = "Esegui macro più volte">
                <Item id = "1" name = "Esegui" />
                <Item id = "2" name = "Annulla" />
                <Item id = "8006" name = "Macro da eseguire: " />
                <Item id = "8001" name = "Esegui" />
                <Item id = "8005" name = "volte" />
                <Item id = "8002" name = "Esegui fino a fine file" />
            </MultiMacro>
            <Window title = "Finestre">
                <Item id = "1" name = "Attiva" />
                <Item id = "2" name = "OK" />
                <Item id = "7002" name = "Salva" />
                <Item id = "7003" name = "Chiudi scheda/e" />
                <Item id = "7004" name = "Ordina schede" />
            </Window>
            <ColumnEditor title = "Editor a colonne">
                <Item id = "2023" name = "Testo da inserire" />
                <Item id = "2033" name = "Numero da inserire" />
                <Item id = "2030" name = "Numero iniziale: " />
                <Item id = "2031" name = "Incrementa di: " />
                <Item id = "2035" name = "Zeri iniziali" />
                <Item id = "2036" name = "Ripeti: " />
                <Item id = "2032" name = "Formato" />
                <Item id = "2024" name = "Decimale" />
                <Item id = "2025" name = "Ottale" />
                <Item id = "2026" name = "Esadecimale" />
                <Item id = "2027" name = "Binario" />
                <Item id = "1" name = "OK" />
                <Item id = "2" name = "Annulla" />
            </ColumnEditor>
        </Dialog>
        <MessageBox>
            <ContextMenuXmlEditWarning title = "Modifica menu contestuale" message = "La modifica del file contextMenu.xml permette di modificare il menu contestuale di Notepad++.&#x0A;E&apos; necessario riavviare Notepad++ affinché le mofiche apportate al file contextMenu.xml abbiano effetto." />
            <NppHelpAbsentWarning title = "Il file non esiste" message = "&#x0A;non esiste. Scarica il file dal sito di Notepad++." />
            <SaveCurrentModifWarning title = "Salva modifiche correnti" message = "Devi salvare le modifiche correnti.&#x0A;Tutte le modifiche salvate non possono essere ripristinate.&#x0A;&#x0A;Continuare?" />
            <LoseUndoAbilityWarning title = "Attenzione: Perdita della possibilità di ripristinare" message = "Devi salvare le modifiche correnti.&#x0A;Tutte le modifiche salvate non possono essere ripristinate.&#x0A;&#x0A;Continuare?" />
            <CannotMoveDoc title = "Invia a una nuova istanza di Notepad++" message = "Il documento è stato modificato, salvarlo prima di continuare." />
            <DocReloadWarning title = "Ricarica" message = "Sei sicuro di voler ricaricare il file? Ogni modifica apportata andrà persa." />
            <FileLockedWarning title = "Salvataggio fallito" message = "Verificare che il file non sia aperto con un altro programma." />
            <FileAlreadyOpenedInNpp title = "" message = "Il file è già aperto in Notepad++." />
            <DeleteFileFailed title = "Eliminazione file" message = "Eliminazione del file fallita." />
            <NbFileToOpenImportantWarning title = "Il numero di file da aprire è troppo grande" message = "Si stanno aprendo $INT_REPLACE$ file.&#x0A;Sicuro di volerli aprire?" />
			<FilePathNotFoundWarning title = "Apertura file" message = "Il file che si sta cercando di aprire non esiste." />
        </MessageBox>
        <ClipboardHistory>
            <PanelTitle name = "Storia Appunti" />
        </ClipboardHistory>
        <DocSwitcher>
            <PanelTitle name = "Documenti" />
            <ColumnName name = "Nome" />
            <ColumnExt name = "Est." />
        </DocSwitcher>
        <AsciiInsertion>
            <PanelTitle name = "Pannello Inserimento ASCII" />
            <ColumnVal name = "Valore" />
            <ColumnChar name = "Carattere" />
        </AsciiInsertion>
        <DocumentMap>
            <PanelTitle name = "Mappa Documento" />
        </DocumentMap>
        <FunctionList>
            <PanelTitle name = "Lista Funzioni" />
            <SortTip name = "Ordina" />
            <ReloadTip name = "Ricarica" />
        </FunctionList>
        <ProjectManager>
            <PanelTitle name = "Progetti" />
            <WorkspaceRootName name = "Workspace" />
            <NewProjectName name = "Nome progetto" />
            <NewFolderName name = "Nome cartella" />
            <Menus>
                <Entries>
                    <Item id = "0" name = "Workspace" />
                    <Item id = "1" name = "Modifica" />
                </Entries>
                <WorkspaceMenu>
                    <Item id = "3122" name = "Nuovo workspace" />
                    <Item id = "3123" name = "Apri workspace" />
                    <Item id = "3124" name = "Ricarica workspace" />
                    <Item id = "3125" name = "Salva" />
                    <Item id = "3126" name = "Salva come..." />
                    <Item id = "3127" name = "Salva una copia come..." />
                    <Item id = "3121" name = "Aggiungi nuovo progetto" />
                </WorkspaceMenu>
                <ProjectMenu>
                    <Item id = "3111" name = "Rinomina" />
                    <Item id = "3112" name = "Aggiungi cartella" />
                    <Item id = "3113" name = "Aggiungi file..." />
                    <Item id = "3114" name = "Rimuovi" />
                    <Item id = "3117" name = "Aggiungi file da una cartella..." />
                    <Item id = "3118" name = "Sposta su" />
                    <Item id = "3119" name = "Sposta giù" />
                </ProjectMenu>
                <FolderMenu>
                    <Item id = "3111" name = "Rinomina" />
                    <Item id = "3112" name = "Aggiungi cartella" />
                    <Item id = "3113" name = "Aggiungi file..." />
                    <Item id = "3114" name = "Rimuovi" />
                    <Item id = "3117" name = "Aggiungi file da una cartella..." />
                    <Item id = "3118" name = "Sposta su" />
                    <Item id = "3119" name = "Sposta giù" />
                </FolderMenu>
                <FileMenu>
                    <Item id = "3111" name = "Rinomina" />
                    <Item id = "3115" name = "Rimuovi" />
                    <Item id = "3116" name = "Modifica percorso file" />
                    <Item id = "3118" name = "Sposta su" />
                    <Item id = "3119" name = "Sposta giù" />
                </FileMenu>
            </Menus>
        </ProjectManager>
        <MiscStrings>
            <word-chars-list-tip value = "Ti permette di includere caratteri addizionali nella lista di caratteri considerati una parola, quando effetti un doppio click per selezionare, o effetti una ricerca con l'opzone &quot;Solo parole intere&quot; selezionata" />
            <word-chars-list-warning-begin value = "Attenzione: " />
            <!-- $INT_REPLACE$ is a place holder, don't translate it -->
            <word-chars-list-space-warning value = "$INT_REPLACE$ spazi" />
            <!-- $INT_REPLACE$ is a place holder, don't translate it -->
            <word-chars-list-tab-warning value = "$INT_REPLACE$ tab" />
            <word-chars-list-warning-end value = " nella tua lista catatteri." />
            <cloud-invalid-warning value = "Percorso non valido." />
            <cloud-restart-warning value = "Riavvia Notepad++ per applicare le modifiche." />
            <shift-change-direction-tip value = "Invio: Trova successivo
Shift+Invio: Trova precedente" />
        </MiscStrings>
    </Native-Langue>
</NotepadPlus>
