<?xml version="1.0" encoding="Windows-1252" ?>
<NotepadPlus>
    <LexerStyles>
        <LexerType name="searchResult" desc="Search result" ext="">
            <WordsStyle name="DEFAULT" action="remove" />
            <WordsStyle name="HEARDER" action="remove" />
            <WordsStyle name="NUMBER" action="remove" />
            <WordsStyle name="HIT WORD" action="remove" />
            <WordsStyle name="KEYWORD1" action="remove" />
            <WordsStyle name="KEYWORD2" action="remove" />
            <WordsStyle name="SEARCH HEADER" action="remove" />
            <WordsStyle name="FILE HEADER" action="remove" />
            <WordsStyle name="LINE NUMBER" action="remove" />
            <WordsStyle name="SELECTED LINE" action="remove" />
        </LexerType>
    </LexerStyles>
</NotepadPlus>
