<?xml version="1.0" encoding="Windows-1252" ?>
<NotepadPlus>
	<AutoComplete>
		<KeyWord name="arp" />
		<KeyWord name="assoc" />
		<KeyWord name="at" />
		<KeyWord name="attrib" />
		<KeyWord name="aux" />
		<KeyWord name="bcdedit" />
		<KeyWord name="break" />
		<KeyWord name="cacls" />
		<KeyWord name="call" />
		<KeyWord name="cd" />
		<KeyWord name="chcp" />
		<KeyWord name="chdir" />
		<KeyWord name="chkdsk" />
		<KeyWord name="chkntfs" />
		<KeyWord name="choice" />
		<KeyWord name="cipher" />
		<KeyWord name="clip" />
		<KeyWord name="cls" />
		<KeyWord name="cmd" />
		<KeyWord name="cmdextversion" />
		<KeyWord name="color" />
		<KeyWord name="com" />
		<KeyWord name="com1" />
		<KeyWord name="com2" />
		<KeyWord name="com3" />
		<KeyWord name="com4" />
		<KeyWord name="comp" />
		<KeyWord name="compact" />
		<KeyWord name="con" />
		<KeyWord name="convert" />
		<KeyWord name="copy" />
		<KeyWord name="ctty" />
		<KeyWord name="date" />
		<KeyWord name="defined" />
		<KeyWord name="del" />
		<KeyWord name="dir" />
		<KeyWord name="diskcomp" />
		<KeyWord name="diskcopy" />
		<KeyWord name="diskpart" />
		<KeyWord name="do" />
		<KeyWord name="doskey" />
		<KeyWord name="dpath" />
		<KeyWord name="driverquery" />
		<KeyWord name="echo" />
		<KeyWord name="else" />
		<KeyWord name="endlocal" />
		<KeyWord name="equ" />    
		<KeyWord name="erase" />
		<KeyWord name="errorlevel" />
		<KeyWord name="exist" />
		<KeyWord name="exit" />
		<KeyWord name="expand" />
		<KeyWord name="fc" />
		<KeyWord name="find" />
		<KeyWord name="findstr" />
		<KeyWord name="for" />
		<KeyWord name="forfiles" />
		<KeyWord name="format" />
		<KeyWord name="fsutil" />
		<KeyWord name="ftype" />
		<KeyWord name="geq" />		
		<KeyWord name="goto" />
		<KeyWord name="gpresult" />
		<KeyWord name="graftabl" />
		<KeyWord name="gtr" />
		<KeyWord name="help" />
		<KeyWord name="icacls" />
		<KeyWord name="if" />
		<KeyWord name="in" />
		<KeyWord name="ipconfig" />
		<KeyWord name="label" />
		<KeyWord name="leq" />
		<KeyWord name="lpt" />
		<KeyWord name="lpt1" />
		<KeyWord name="lpt2" />
		<KeyWord name="lpt3" />
		<KeyWord name="lpt4" />
		<KeyWord name="lss" />
		<KeyWord name="makecab" />
		<KeyWord name="md" />
		<KeyWord name="mkdir" />
		<KeyWord name="mklink" />
		<KeyWord name="mode" />
		<KeyWord name="more" />
		<KeyWord name="move" />
		<KeyWord name="neq" />
		<KeyWord name="net" />
		<KeyWord name="netsh" />
		<KeyWord name="not" />
		<KeyWord name="nul" />
		<KeyWord name="openfiles" />
		<KeyWord name="path" />
		<KeyWord name="pause" />
		<KeyWord name="ping" />
		<KeyWord name="popd" />
		<KeyWord name="print" />
		<KeyWord name="prompt" />
		<KeyWord name="pushd" />
		<KeyWord name="rd" />
		<KeyWord name="recover" />
		<KeyWord name="reg" />
		<KeyWord name="rem" />
		<KeyWord name="ren" />
		<KeyWord name="rename" />
		<KeyWord name="replace" />
		<KeyWord name="rmdir" />
		<KeyWord name="robocopy" />
		<KeyWord name="rundll32" />
		<KeyWord name="sc" />
		<KeyWord name="schtasks" />
		<KeyWord name="set" />
		<KeyWord name="setlocal" />
		<KeyWord name="setx" />
		<KeyWord name="shift" />
		<KeyWord name="shutdown" />
		<KeyWord name="sort" />
		<KeyWord name="start" />
		<KeyWord name="subst" />
		<KeyWord name="systeminfo" />
		<KeyWord name="taskkill" />
		<KeyWord name="tasklist" />
		<KeyWord name="time" />
		<KeyWord name="timeout" />
		<KeyWord name="title" />
		<KeyWord name="tree" />
		<KeyWord name="type" />
		<KeyWord name="ver" />
		<KeyWord name="verify" />
		<KeyWord name="vol" />
		<KeyWord name="wmic" />
		<KeyWord name="xcopy" />
	</AutoComplete>
</NotepadPlus>
